Date,Confirmation Code,Start Date,Nights,Listing,Gross Earnings
1/25/22,HMABKDF3P2,1/24/22,6,A,205.2
1/25/22,HMABKDF3P2,1/24/22,6,A,342
1/23/22,HM3MTBNFEZ,1/22/22,5,B,282.8
1/23/22,HM3MTBNFEZ,1/22/22,5,B,70.7
1/13/22,HMBS9XSB3C,1/12/22,11,A,261.54
1/13/22,HMBS9XSB3C,1/12/22,11,A,1046.16
1/9/22,HMPAHAPYHC,1/8/22,8,B,221.12
1/5/22,HM49K5XE3Q,11/4/21,97,C,4311.55
1/5/22,HM49K5XE3Q,11/4/21,97,C,1077.89
1/4/22,HMQBSPT9NB,1/3/22,4,B,144.4
1/4/22,HMQBSPT9NB,1/3/22,4,B,577.6
1/2/22,HMB8DCWF3A,1/1/22,159,D,4235.85
12/31/21,HM88E23YSA,12/30/21,4,B,136
12/30/21,HMY3ETHZ5F,12/29/21,7,A,1421.04
12/27/21,HMWXXZZP88,12/26/21,3,B,432
12/27/21,HMWXXZZP88,12/26/21,3,B,108
12/25/21,HMCH5APND8,12/24/21,7,D,696.52
12/25/21,HMCH5APND8,12/24/21,7,D,2786.08
12/21/21,HM94438P89,12/20/21,5,A,291.2
12/21/21,HM94438P89,12/20/21,5,A,1164.8
12/17/21,HMPTR5E59F,12/16/21,2,B,320
12/14/21,HMDW4KDC49,12/13/21,2,B,320
12/14/21,HMDW4KDC49,12/13/21,2,B,80
12/12/21,HMP8WXFPY4,12/11/21,7,A,357.6
12/12/21,HMP8WXFPY4,12/11/21,7,A,1430.4
12/7/21,HMKSPHMRHJ,12/6/21,4,B,544
12/7/21,HMKSPHMRHJ,12/6/21,4,B,136
12/6/21,HMHJNPZWWE,12/5/21,14,D,5216
12/6/21,HMHJNPZWWE,12/5/21,14,D,1304
12/5/21,HM49K5XE3Q,11/4/21,97,C,1077.89
12/3/21,HM93KBM32X,12/2/21,7,A,1380
12/3/21,HM93KBM32X,12/2/21,7,A,345
12/3/21,HMZKKJ5FM2,12/2/21,4,B,136
11/29/21,HMRZA3FFJA,11/28/21,4,B,144
11/29/21,HMRZA3FFJA,11/28/21,4,B,576
11/27/21,HMRA5JMZY3,11/26/21,2,B,80
11/26/21,HM2Q8J99RS,11/25/21,6,A,1272.8
11/24/21,HM5H8TXAHB,11/23/21,5,D,2448
11/24/21,HM5H8TXAHB,11/23/21,5,D,612
11/22/21,HMHETZ8X44,11/21/21,2,B,320
11/22/21,HMHETZ8X44,11/21/21,2,B,80
11/11/21,HMXEDJXZFQ,11/10/21,10,A,462
11/11/21,HMSB5TSFXX,11/10/21,13,D,1218.25
11/11/21,HMXEDJXZFQ,11/10/21,10,A,1848
11/11/21,HMSB5TSFXX,11/10/21,13,D,4873
11/5/21,HM49K5XE3Q,11/4/21,97,C,4172.46
11/5/21,HM49K5XE3Q,11/4/21,97,C,1043.11
10/28/21,HMC2BA3495,10/27/21,14,A,607.92
10/28/21,HMC2BA3495,10/27/21,14,A,2431.68
10/25/21,HMAFY9FM2N,10/24/21,1,B,56
10/25/21,HMAFY9FM2N,10/24/21,1,B,224
10/23/21,HMJEXQRF23,10/22/21,14,D,4936
10/23/21,HMMMD4MH9X,10/22/21,8,C,196.2
10/23/21,HMMMD4MH9X,10/22/21,8,C,172
10/23/21,HMMMD4MH9X,10/22/21,8,C,784.8
10/23/21,HMJEXQRF23,10/22/21,14,D,1234
10/23/21,HMMMD4MH9X,10/22/21,8,C,688
10/22/21,HM2MS2XPK9,10/21/21,3,B,120
10/22/21,HM2MS2XPK9,10/21/21,3,B,480
10/14/21,HMAMT5M4HP,10/13/21,7,A,307.73
10/14/21,HMAMT5M4HP,10/13/21,7,A,1230.91
10/13/21,HM9CF4MBRZ,10/3/21,12,D,
10/13/21,HM9CF4MBRZ,10/3/21,12,D,
10/12/21,HM2XBZZDQE,10/11/21,7,C,1307.2
10/12/21,HM2XBZZDQE,10/11/21,7,C,326.8
10/7/21,HMPHKF9MHF,10/6/21,5,A,1080
10/7/21,HMPHKF9MHF,10/6/21,5,A,270
10/4/21,HM9CF4MBRZ,10/3/21,12,D,6890.55
10/4/21,HM9CF4MBRZ,10/3/21,12,D,1722.64
9/27/21,HMMYAN2ZWT,9/26/21,6,D,688
9/27/21,HMMYAN2ZWT,9/26/21,6,D,2752
9/24/21,HMK83C8NHF,9/23/21,7,A,332.4
9/24/21,HMK83C8NHF,9/23/21,7,A,1329.6
9/24/21,HMSEDBK353,9/23/21,16,C,574.13
9/24/21,HMSEDBK353,9/23/21,16,C,2296.52
9/14/21,HMQ84RYJRC,9/13/21,15,B,404.8
9/14/21,HMQ84RYJRC,9/13/21,15,B,108.8
9/14/21,HMQ84RYJRC,9/13/21,15,B,1619.2
9/14/21,HMQ84RYJRC,9/13/21,15,B,27.2
9/12/21,HMH9D5HB5Z,9/11/21,2,B,88
9/12/21,HMH9D5HB5Z,9/11/21,2,B,352
9/11/21,HMEEHAZPTM,9/10/21,12,A,2260.8
9/10/21,HMJCRJEZ8C,9/9/21,14,C,1984.29
9/10/21,HMJCRJEZ8C,9/9/21,14,C,496.07
9/6/21,HMJJPWMKPE,9/5/21,5,A,1061.6
9/6/21,HMJJPWMKPE,9/5/21,5,A,265.4
9/4/21,HMJCSSN9XP,9/3/21,3,C,157
9/1/21,HMTY2KWNH8,8/31/21,5,A,265
9/1/21,HMTY2KWNH8,8/31/21,5,A,1060
8/30/21,HMKTQM3PRJ,8/29/21,13,D,4916.52
8/24/21,HM2FRAKTJR,8/23/21,6,D,688.6
8/24/21,HM2FRAKTJR,8/23/21,6,D,2754.4
8/23/21,HMB8DY9RBW,8/22/21,7,D,1219.68
8/23/21,HMB8DY9RBW,8/22/21,7,D,304.92
8/22/21,HMHZ8N9YDK,7/21/21,45,B,1463.46
8/22/21,HMHZ8N9YDK,7/21/21,45,B,365.87
8/14/21,HMHW58WJKC,8/13/21,17,A,805.41
8/10/21,HMTTBCNDXQ,8/9/21,10,D,1026.18
8/10/21,HMTTBCNDXQ,8/9/21,10,D,4104.7
8/9/21,HM2JW2J8DW,8/8/21,5,A,265
8/9/21,HM2JW2J8DW,8/8/21,5,A,1060
8/2/21,HMH2ZH2383,8/1/21,6,D,718
8/2/21,HMH2ZH2383,8/1/21,6,D,2872
8/1/21,HMRQJZ335P,7/31/21,7,A,1228.8
7/28/21,HMYSDE9K85,7/27/21,4,D,498
7/24/21,HMKADJZSY5,7/23/21,8,A,368.4
7/22/21,HMHZ8N9YDK,7/21/21,45,B,4050.67
7/18/21,HMPKSAMXFJ,7/17/21,7,D,667.84
7/18/21,HMPKSAMXFJ,7/17/21,7,D,2671.36
7/13/21,HMN9BDXXF3,7/12/21,4,D,498
7/11/21,HMTHPQMFMZ,7/10/21,10,B,1592
7/9/21,HMTYSM5WX9,7/8/21,4,D,1752
7/4/21,HM84NMDWXC,7/3/21,4,B,632
7/3/21,HMBPPZD2KB,7/2/21,17,A,2868.8
7/3/21,HMBPPZD2KB,7/2/21,17,A,717.2
7/2/21,HMM2WM9ZDH,7/1/21,7,D,2671.36
7/2/21,HMM2WM9ZDH,7/1/21,7,D,667.84
6/28/21,HMBXHWZNSE,6/27/21,4,B,632
6/25/21,HMMQ82TMD3,6/24/21,4,D,1992
6/25/21,HMMQ82TMD3,6/24/21,4,D,498
6/21/21,HMDPM2QXYW,4/18/21,58,D,400
6/20/21,HM32CFMPK2,6/19/21,5,D,2032
6/20/21,HM32CFMPK2,6/19/21,5,D,508
6/19/21,HMZBTY4ZH3,6/18/21,9,A,1545.6
6/12/21,HMBD4TJCQ9,6/11/21,5,A,1020
6/4/21,HMAZFJYQ5E,6/3/21,4,B,376
5/29/21,HMSXH93ZX2,5/28/21,14,A,535.12
5/29/21,HMSXH93ZX2,5/28/21,14,A,2140.48
5/19/21,HMDPM2QXYW,4/18/21,58,D,8164.8
5/19/21,HMDPM2QXYW,4/18/21,58,D,2041.2
5/18/21,HM9ECEPQDW,5/17/21,8,A,1274.56
5/16/21,HM89TTY4HE,5/15/21,1,A,75
5/10/21,HMCACNSWJF,5/9/21,6,A,880
5/10/21,HMCACNSWJF,5/9/21,6,A,220
5/1/21,HM8BPQ5F84,4/30/21,7,A,294.88
5/1/21,HM8BPQ5F84,4/30/21,7,A,1179.52
4/19/21,HMDPM2QXYW,4/18/21,58,D,2070
4/19/21,HMDPM2QXYW,4/18/21,58,D,8280
4/18/21,HMC8Q5A82Y,4/17/21,4,D,203.38
4/18/21,HMC8Q5A82Y,4/17/21,4,D,813.5
4/16/21,HMZNMFSFXN,4/15/21,9,A,354.6
4/16/21,HMZNMFSFXN,4/15/21,9,A,1418.4
4/14/21,HMZH5ATET9,3/22/21,23,A,
4/8/21,HMX95PA9CD,4/7/21,11,D,3716.8
4/8/21,HMX95PA9CD,4/7/21,11,D,929.2
3/29/21,HMWPEY28CT,3/28/21,29,N,7108.12
3/29/21,HMWPEY28CT,3/28/21,29,N,1254.37
3/25/21,HMYPTE32ZT,1/22/21,56,D,1015
3/23/21,HMZH5ATET9,3/22/21,23,A,751.6
3/23/21,HMZH5ATET9,3/22/21,23,A,3006.4
3/21/21,HMXQDC5RFA,3/20/21,15,D,4552
3/21/21,HMXQDC5RFA,3/20/21,15,D,1138
3/18/21,HM4Z2FNQEJ,3/17/21,4,A,776
3/18/21,HM4Z2FNQEJ,3/17/21,4,A,194
3/15/21,HM28M2HDRK,3/14/21,2,A,448
3/15/21,HM28M2HDRK,3/14/21,2,A,112
2/26/21,HM8DFK53PA,1/24/21,54,N,5520
2/26/21,HM8DFK53PA,1/24/21,54,N,613.33
2/24/21,HMYPTE32ZT,1/22/21,56,D,6403.57
1/26/21,HM8DFK53PA,1/24/21,54,N,1651.14
1/26/21,HM8DFK53PA,1/24/21,54,N,1.09
1/26/21,HM8DFK53PA,1/24/21,54,N,6604.58
1/24/21,HMYPTE32ZT,1/22/21,56,D,2481.38
1/24/21,HMYPTE32ZT,1/22/21,56,D,7444.15
1/5/21,HMXJS2HH8A,1/3/21,8,D,91.49
1/5/21,HMXJS2HH8A,1/3/21,8,D,1192.51
1/5/21,HMXJS2HH8A,1/3/21,8,D,274.51
1/5/21,HMXJS2HH8A,1/3/21,8,D,397.49
1/5/21,HMXJS2HH8A,1/3/21,8,D,243.75
12/21/20,HMJ54SCZDE,12/19/20,15,D,1420
12/21/20,HMJ54SCZDE,12/19/20,15,D,4260
12/13/20,HM85NWTSDA,12/11/20,30,N,5916
12/13/20,HM85NWTSDA,12/11/20,30,N,1479
12/4/20,HMKC2PWW9A,12/2/20,13,D,1313.12
12/4/20,HMKC2PWW9A,12/2/20,13,D,3939.38
11/27/20,HM2ZNAF24S,11/25/20,4,N,1380
11/27/20,HM2ZNAF24S,11/25/20,4,N,345
11/17/20,HMJYBTYTKE,11/15/20,4,D,1567.51
11/17/20,HMJYBTYTKE,11/15/20,4,D,522.49
11/4/20,HMY58QN32R,10/2/20,53,N,1069.02
10/24/20,HM5S33TEDP,10/23/20,4,D,520
10/24/20,HM5S33TEDP,10/23/20,4,D,1560
10/19/20,HMQZEKW58E,10/18/20,5,D,1466.25
10/19/20,HMQZEKW58E,10/18/20,5,D,488.75
10/8/20,HMQYQ93BSM,10/7/20,10,D,3078.75
10/8/20,HMQYQ93BSM,10/7/20,10,D,1026.25
10/3/20,HMY58QN32R,10/2/20,53,N,5689.92
10/3/20,HMY58QN32R,10/2/20,53,N,1422.47
9/5/20,HM5TYRYKMY,9/3/20,4,D,275
9/5/20,HM5TYRYKMY,9/3/20,4,D,825
9/3/20,HMNJTTADWP,9/1/20,30,D,1757.49
9/3/20,HMNJTTADWP,9/1/20,30,D,5272.51
9/1/20,HMYZFEDREX,7/30/20,62,N,400
8/23/20,HM8JAWXMA9,7/22/20,41,D,2413.72
8/4/20,HMYZFEDREX,7/30/20,62,N,50
8/4/20,HMYZFEDREX,7/30/20,62,N,12.51
8/1/20,HMYZFEDREX,7/30/20,62,N,1550
7/23/20,HM8JAWXMA9,7/22/20,41,D,2494.18
7/23/20,HM8JAWXMA9,7/22/20,41,D,7482.54
7/21/20,HMNEJ4ZNBM,7/20/20,4,N,319
7/21/20,HMNEJ4ZNBM,7/20/20,4,N,1276
7/16/20,HMTFADJXKR,6/15/20,31,D,101.12
7/16/20,HMTFADJXKR,6/15/20,31,D,33.71
7/14/20,HMDYSFMFCD,6/12/20,59,L,5833.81
7/14/20,HMDYSFMFCD,6/12/20,59,L,1458.45
7/13/20,HMHCWBQZSR,7/12/20,7,N,80
7/13/20,HMHCWBQZSR,7/12/20,7,N,1596
7/13/20,HMHCWBQZSR,7/12/20,7,N,20
7/11/20,HMDYSFMFCD,6/12/20,59,L,0.14
7/11/20,HMDYSFMFCD,6/12/20,59,L,0.04
7/4/20,HMAJD3982H,7/3/20,10,N,1596
7/4/20,HMAJD3982H,7/3/20,10,N,399
7/4/20,HMN9DCW5NX,7/2/20,30,G,1593
7/4/20,HMN9DCW5NX,7/2/20,30,G,1107
6/24/20,HM9PJYEX8H,5/1/20,62,N,72.26
6/24/20,HM9PJYEX8H,5/1/20,62,N,289.03
6/19/20,,,,,309.19
6/17/20,HMTFADJXKR,6/15/20,31,D,1011.29
6/17/20,HMTFADJXKR,6/15/20,31,D,3033.88
6/14/20,HMDYSFMFCD,6/12/20,59,L,1508.71
6/11/20,HMAFHH5CW9,6/10/20,5,Q,18
6/11/20,HMAFHH5CW9,6/10/20,5,Q,4.51
6/11/20,HM9F4F9AZT,6/10/20,4,D,520
6/2/20,HM9PJYEX8H,5/1/20,62,N,773.34
6/2/20,HM9PJYEX8H,5/1/20,62,N,193.33
5/27/20,HMFKFJ2CF2,4/22/20,49,D,123
5/24/20,HMFKFJ2CF2,4/22/20,49,D,1499.89
5/24/20,HMFKFJ2CF2,4/22/20,49,D,499.96
5/15/20,HM9PJYEX8H,5/1/20,62,N,26.66
5/15/20,HM9PJYEX8H,5/1/20,62,N,6.67
5/10/20,HMTPPS5X9B,5/8/20,35,G,1584.55
5/3/20,HM9PJYEX8H,5/1/20,62,N,200
5/3/20,HM9PJYEX8H,5/1/20,62,N,800
5/2/20,,,,,721.44
4/24/20,HMFKFJ2CF2,4/22/20,49,D,4999.62
4/24/20,HMFKFJ2CF2,4/22/20,49,D,1666.54
4/2/20,HMWJZXR52R,4/1/20,29,L,6428
4/2/20,HMWJZXR52R,4/1/20,29,L,1607
3/23/20,HMTPS8P2B5,3/22/20,4,D,0.01
3/23/20,HMAD9DTDHX,2/22/20,35,N,1360.45
3/10/20,HMBSK2XYQH,3/8/20,12,Q,648
3/10/20,HMBSK2XYQH,3/8/20,12,Q,2592
3/4/20,HMXBKFAMCH,3/2/20,2,G,5
3/4/20,HMQW425MMC,3/2/20,30,L,7346
3/4/20,HMQW425MMC,3/2/20,30,L,1836.5
3/3/20,HMHB5W8W22,3/1/20,7,D,371.88
3/3/20,HMHB5W8W22,3/1/20,7,D,1115.62
2/27/20,HM5D4YS28X,2/25/20,3,L,1184
2/27/20,HM5D4YS28X,2/25/20,3,L,296
2/24/20,HMAD9DTDHX,2/22/20,35,N,1643.89
2/23/20,HM4B8M4PHY,2/1/20,21,G,373.91
2/19/20,HMC4AAR2C2,2/17/20,7,D,813.75
2/19/20,HMC4AAR2C2,2/17/20,7,D,2441.25
2/12/20,HM3ETZQPTP,2/10/20,7,Q,1572
2/12/20,HM3ETZQPTP,2/10/20,7,Q,393
2/5/20,HMYS9JHBXW,2/3/20,4,D,1710
2/5/20,HMYS9JHBXW,2/3/20,4,D,570
2/3/20,HM4B8M4PHY,2/1/20,21,G,6803.59
1/30/20,HMWZFBY5X9,1/28/20,11,Q,597
1/27/20,HMTT2K4QXN,1/25/20,15,N,3756
1/27/20,HMTT2K4QXN,1/25/20,15,N,939
1/23/20,HM3925BX5Z,1/21/20,7,L,534.58
1/23/20,HM3925BX5Z,1/21/20,7,L,2138.32
1/15/20,HM29HCFFJ4,1/12/20,6,G,607.6
1/15/20,HMJZ3BDJND,1/13/20,4,Q,276
1/15/20,HM29HCFFJ4,1/12/20,6,G,2430.4
1/15/20,HMJZ3BDJND,1/13/20,4,Q,1104
1/14/20,HMR2WFSKHW,1/12/20,6,N,339
1/13/20,HMNQ3XK3JE,1/11/20,5,D,1935
1/13/20,HMNQ3XK3JE,1/11/20,5,D,645
1/6/20,HMXJ9M9BTK,1/4/20,16,L,1146.04
1/6/20,HMXJ9M9BTK,1/4/20,16,L,4584.16
1/6/20,HMACBZF2WE,1/4/20,28,G,100
1/1/20,HMAPDPJRRN,11/30/19,43,N,110
12/30/19,HMANMXMQBY,12/28/19,5,Q,1202.4
12/30/19,HMANMXMQBY,12/28/19,5,Q,300.6
12/30/19,HMZQYSNKCR,12/28/19,5,L,1816
12/30/19,HMZQYSNKCR,12/28/19,5,L,454
12/24/19,HMAP4RPJZ5,12/23/19,4,Q,874.4
12/24/19,HMAP4RPJZ5,12/23/19,4,Q,218.6
12/16/19,HMAM554CDY,12/14/19,3,D,1335
12/16/19,HMAM554CDY,12/14/19,3,D,445
12/15/19,HMAKM9T4XE,12/9/19,11,L,1032.01
12/15/19,HMAKM9T4XE,12/9/19,11,L,258
12/12/19,HMAFREBYYY,12/10/19,10,G,1105
12/12/19,HMAFREBYYY,12/10/19,10,G,4420
12/11/19,HMAKM9T4XE,12/9/19,11,L,2042
12/11/19,HMAABHNNJP,12/9/19,7,Q,1215
12/11/19,HMAKM9T4XE,12/9/19,11,L,510.49
12/10/19,HMADHY2ACH,12/8/19,2,P,160
12/9/19,HMARNYYHQH,12/7/19,7,D,857.49
12/3/19,HMAQ3PJP2K,12/1/19,4,P,560
12/3/19,HMAQ3PJP2K,12/1/19,4,P,140
12/2/19,HMAPDPJRRN,11/30/19,43,N,1419
11/29/19,HMAK4T5J59,11/27/19,4,L,375
11/29/19,HMARBH835P,11/27/19,7,Q,368.5
11/29/19,HMAK4T5J59,11/27/19,4,L,1500
11/29/19,HMAAHD9JRP,11/27/19,4,P,140
11/29/19,HMARBH835P,11/27/19,7,Q,1474
11/28/19,HMAJPAYJRK,11/26/19,4,D,520
11/28/19,HMAJPAYJRK,11/26/19,4,D,1560
11/23/19,HMADCSNF38,11/21/19,17,G,90
11/23/19,HMADCSNF38,11/21/19,17,G,360
11/20/19,HMANZ5W8SH,11/18/19,5,N,414
11/20/19,HMAJEST932,11/18/19,9,Q,418.5
11/20/19,HMANZ5W8SH,11/18/19,5,N,1656
11/20/19,HMACBP94HP,11/18/19,3,L,296
11/19/19,HMAQMRTJEZ,11/17/19,3,G,2240
11/19/19,HMAHY3HKBQ,11/17/19,6,D,2010
11/19/19,HMAHY3HKBQ,11/17/19,6,D,670
11/9/19,HMAPMZD4D5,11/3/19,14,L,1732.08
11/9/19,HMAPMZD4D5,11/3/19,14,L,433.02
11/6/19,HMACYFQFRB,11/4/19,10,D,2835
11/6/19,HMAKKQJSNH,11/4/19,11,N,740.25
11/6/19,HMAKKQJSNH,11/4/19,11,N,2961
11/6/19,HMACYFQFRB,11/4/19,10,D,945
11/4/19,HMAPMZD4D5,11/3/19,14,L,534.58
11/4/19,HMAPMZD4D5,11/3/19,14,L,2138.32
10/30/19,HMAA2Q29BC,10/29/19,5,D,1531
10/26/19,HMAJB3JFXD,10/25/19,3,L,1418.4
10/26/19,HMAJB3JFXD,10/25/19,3,L,354.6
10/26/19,HMAHJJ9QSZ,10/25/19,28,P,620
10/26/19,HMAN2DPZPJ,10/25/19,8,N,2644.32
10/25/19,HMACQWF2SA,10/24/19,3,G,470
10/25/19,HMACQWF2SA,10/24/19,3,G,1880
10/23/19,HMABB28SP8,10/22/19,3,L,1750.4
10/23/19,HMABB28SP8,10/22/19,3,L,437.6
10/22/19,HMAN8HXA28,10/21/19,4,P,520
10/22/19,HMAN8HXA28,10/21/19,4,P,130
10/22/19,HMAHDASMHS,10/16/19,6,L,
10/22/19,HMAHDASMHS,10/16/19,6,L,
10/22/19,HMAHDASMHS,10/16/19,6,L,100
10/17/19,HMAHDASMHS,10/16/19,6,L,298.76
10/17/19,HMAHDASMHS,10/16/19,6,L,1195.04
10/12/19,HMAAK9WEMY,10/11/19,8,Q,443.83
10/12/19,HMAAK9WEMY,10/11/19,8,Q,1775.32
10/11/19,HMAFQBNQ8N,10/10/19,15,N,3996
10/11/19,HMAFQBNQ8N,10/10/19,15,N,999
10/10/19,HMAN9H3TND,10/9/19,6,L,2849.6
10/10/19,HMAN9H3TND,10/9/19,6,L,712.4
10/7/19,HMADCHWJX4,10/6/19,4,N,347
10/7/19,HMADCHWJX4,10/6/19,4,N,1388
10/4/19,HMARX8FF2M,10/3/19,3,P,480
7/29/19,HMAFDE2Q9R,7/28/19,7,F,1581.22
7/29/19,HMAFDE2Q9R,7/28/19,7,F,445.98
7/28/19,HMAQS9JFRQ,7/27/19,21,Q,4428
7/28/19,HMAQS9JFRQ,7/27/19,21,Q,1107
7/25/19,HMAADWAQTC,6/24/19,31,Q,146.45
7/25/19,HMAADWAQTC,6/24/19,31,Q,36.61
7/24/19,HMAJCRJB2A,7/23/19,11,N,563.2
7/24/19,HMAJCRJB2A,7/23/19,11,N,2252.8
7/24/19,HMAJCRJB2A,7/23/19,11,N,116.4
7/24/19,HMAJCRJB2A,7/23/19,11,N,465.6
7/23/19,HMACZKQPCB,7/22/19,11,L,980
7/23/19,HMACZKQPCB,7/22/19,11,L,3920
7/22/19,HMANBPFK5C,7/21/19,33,P,3063.53
7/22/19,HMANBPFK5C,7/21/19,33,P,765.89
7/21/19,HMAJ9CKSX2,7/20/19,7,F,1283.1
7/21/19,HMAJ9CKSX2,7/20/19,7,F,361.9
7/19/19,HMAK5PRNR2,7/18/19,5,N,404
7/19/19,HMAK5PRNR2,7/18/19,5,N,1616
7/18/19,HMAPZD4TAA,7/17/19,4,P,516
7/18/19,HMAPZD4TAA,7/17/19,4,P,129
7/18/19,HMAB9DJN99,7/17/19,1,N,62
7/18/19,HMAB9DJN99,7/17/19,1,N,248
7/18/19,HMAPZD4TAA,7/17/19,4,P,140
7/18/19,HMAPZD4TAA,7/17/19,4,P,35
7/14/19,HMANYWJDR3,7/13/19,6,F,1236.3
7/14/19,HMANYWJDR3,7/13/19,6,F,348.7
7/14/19,HMACN9EWWZ,7/13/19,15,G,1410
7/14/19,HMACN9EWWZ,7/13/19,15,G,5640
7/14/19,HMANYWJDR3,7/13/19,6,F,195
7/14/19,HMANYWJDR3,7/13/19,6,F,55
7/10/19,HMAEZ829RH,7/8/19,,L,
7/10/19,HMAK3BMA9H,7/9/19,4,N,419
7/10/19,HMAK3BMA9H,7/9/19,4,N,1676
7/9/19,HMAEZ829RH,7/8/19,3,L,446.8
7/9/19,HMAEZ829RH,7/8/19,3,L,1787.2
7/3/19,HMAMBTTNDP,7/2/19,1,N,20
7/2/19,HMAH9HE9DT,7/1/19,6,L,630.6
7/2/19,HMAH9HE9DT,7/1/19,6,L,2522.4
6/29/19,HMAJM5HP2X,6/28/19,13,G,1773.8
6/29/19,HMAJM5HP2X,6/28/19,13,G,7095.2
6/28/19,HMAN2SNDS2,6/27/19,8,F,1485.12
6/28/19,HMAN2SNDS2,6/27/19,8,F,418.88
6/28/19,HMAN2SNDS2,6/27/19,8,F,219.18
6/28/19,HMAN2SNDS2,6/27/19,8,F,61.82
6/25/19,HMAADWAQTC,6/24/19,31,Q,4393.55
6/25/19,HMAADWAQTC,6/24/19,31,Q,1098.39
6/25/19,HMACJZX9CE,6/24/19,5,L,600
6/25/19,HMACJZX9CE,6/24/19,5,L,2400
6/20/19,HMAQSZ3CDA,6/19/19,4,Q,800
6/20/19,HMAQSZ3CDA,6/19/19,4,Q,200
10/4/19,HMARX8FF2M,10/3/19,3,P,120
9/30/19,HMANTZJMBJ,9/29/19,10,G,943.24
9/30/19,HMANTZJMBJ,9/29/19,10,G,3772.96
9/27/19,HMACE2RX34,9/26/19,5,L,1836
9/27/19,HMACE2RX34,9/26/19,5,L,459
9/24/19,HMAEZTZQA2,9/23/19,7,Q,390.45
9/24/19,HMAEZTZQA2,9/23/19,7,Q,1561.8
9/23/19,HMADBSHCJW,9/22/19,7,P,857.6
9/19/19,HMAKX8H323,9/18/19,9,N,648.84
9/19/19,HMAKX8H323,9/18/19,9,N,2595.36
9/17/19,HMAHBT3KS8,9/16/19,7,L,3089.6
9/17/19,HMAHBT3KS8,9/16/19,7,L,772.4
9/14/19,HMAH3JZRTA,9/13/19,7,Q,1564.52
9/14/19,HMAP4D8RXP,9/13/19,5,N,1756
9/14/19,HMAH3JZRTA,9/13/19,7,Q,391.13
9/14/19,HMAP4D8RXP,9/13/19,5,N,439
9/12/19,HMADJXB9NP,9/11/19,13,G,5570.24
9/12/19,HMADJXB9NP,9/11/19,13,G,1392.56
9/10/19,HMAKDW33ZM,9/9/19,4,Q,704
9/10/19,HMADTFRHB9,9/9/19,10,P,1184
9/10/19,HMAKDW33ZM,9/9/19,4,Q,176
9/10/19,HMADTFRHB9,9/9/19,10,P,296
9/8/19,HMAKHF3ETR,9/7/19,3,G,13
9/8/19,HMAAXWMWDW,9/7/19,4,N,349
9/8/19,HMAKHF3ETR,9/7/19,3,G,52
8/31/19,HMADZ4QAZX,8/30/19,3,L,1336
8/31/19,HMADZ4QAZX,8/30/19,3,L,334
8/29/19,HMANTHBDK8,8/28/19,5,Q,1311.2
8/29/19,HMANTHBDK8,8/28/19,5,Q,327.8
8/27/19,HMAQRF2FDH,8/26/19,4,P,124
8/27/19,HMAR2DZ3WD,8/26/19,11,N,813.4
8/27/19,HMAQRF2FDH,8/26/19,4,P,496
8/23/19,HMANBPFK5C,7/21/19,33,P,49.32
8/23/19,HMANBPFK5C,7/21/19,33,P,197.27
8/21/19,HMAEWC833Z,8/20/19,4,N,1676
8/21/19,HMAEWC833Z,8/20/19,4,N,419
8/19/19,HMAH9BWPWX,8/18/19,7,L,675.05
8/18/19,HMZAM8FHFD,8/17/19,10,Q,2058.68
8/18/19,HMZAM8FHFD,8/17/19,10,Q,514.67
8/13/19,HMANCRT9JW,8/12/19,3,L,290
8/13/19,HMANCRT9JW,8/12/19,3,L,1160
8/11/19,HMAQDH3ATX,8/10/19,5,N,439
8/11/19,HMAQDH3ATX,8/10/19,5,N,1756
8/10/19,HMAAYNFWYH,8/9/19,13,G,1457.56
8/10/19,HMAAYNFWYH,8/9/19,13,G,5830.24
8/5/19,HMADMWAH4J,8/4/19,5,F,1314.3
8/5/19,HMADMWAH4J,8/4/19,5,F,370.7
8/4/19,HMAJPA9JHT,8/3/19,7,N,443.6
8/4/19,HMAJPA9JHT,8/3/19,7,N,1774.4
6/19/19,HMADTHNTRS,6/18/19,6,F,1451.58
6/19/19,HMADTHNTRS,6/18/19,6,F,409.42
6/18/19,HMAHB339JS,6/17/19,5,L,589
6/18/19,HMAHB339JS,6/17/19,5,L,2356
6/17/19,HMAKZ95TD4,6/16/19,5,H,107
6/17/19,HMAKZ95TD4,6/16/19,5,H,428
6/17/19,HMAKZ95TD4,6/16/19,5,H,25
6/17/19,HMAKZ95TD4,6/16/19,5,H,100
6/15/19,HMAEQP3YMX,6/14/19,3,F,865.8
6/15/19,HMAEQP3YMX,6/14/19,3,F,244.2
6/14/19,HMM552PTQT,6/13/19,4,Q,1240
6/14/19,HMM552PTQT,6/13/19,4,Q,310
6/14/19,HMADHQAAX4,6/13/19,3,L,410
6/14/19,HMADHQAAX4,6/13/19,3,L,1640
6/13/19,HMAH8TSM58,6/12/19,4,G,620
6/13/19,HMAH8TSM58,6/12/19,4,G,2480
6/10/19,HMAPWTW22E,6/9/19,4,L,450
6/10/19,HMAPWTW22E,6/9/19,4,L,1800
6/5/19,HMABXPE5MH,6/4/19,3,L,100
6/5/19,HMABXPE5MH,6/4/19,3,L,400
6/2/19,HMAJ2KJ8CS,6/1/19,29,P,3285.76
6/2/19,HMAJ2KJ8CS,6/1/19,29,P,821.44
6/1/19,HMAD9284HM,5/31/19,12,G,410
6/1/19,HMAD9284HM,5/31/19,12,G,1640
5/31/19,HMAA5EZA5J,5/30/19,5,L,468.8
5/31/19,HMAA5EZA5J,5/30/19,5,L,1875.2
5/25/19,HMEBXBZA2D,5/24/19,4,Q,1240
5/25/19,HMEBXBZA2D,5/24/19,4,Q,310
5/23/19,HMAQ23DB4A,5/22/19,6,L,682.6
5/23/19,HMAQ23DB4A,5/22/19,6,L,2730.4
5/20/19,HMAMP8J2MR,5/19/19,3,Q,850.4
5/20/19,HMAMP8J2MR,5/19/19,3,Q,212.6
5/18/19,HMAHABNSK5,5/17/19,3,L,181.5
5/18/19,HMAHABNSK5,5/17/19,3,L,726
5/16/19,HMADHC8ECB,5/15/19,4,Q,1067.2
5/16/19,HMADHC8ECB,5/15/19,4,Q,266.8
5/15/19,HMAPYY3H8R,5/14/19,18,P,2377.67
5/15/19,HMAPYY3H8R,5/14/19,18,P,594.41
5/14/19,HMAB3J22RX,5/13/19,4,L,309.8
5/14/19,HMAB3J22RX,5/13/19,4,L,1239.2
5/14/19,HMAB3J22RX,5/13/19,4,L,65.2
5/14/19,HMAB3J22RX,5/13/19,4,L,260.8
5/6/19,HMAE4883AT,5/5/19,5,Q,1254.4
5/6/19,HMAE4883AT,5/5/19,5,Q,313.6
5/2/19,HMABRR8Q83,4/26/19,,Q,
5/1/19,HMADKJHA84,4/30/19,5,L,468.8
5/1/19,HMADKJHA84,4/30/19,5,L,1875.2
4/28/19,HMAEPZJYXM,4/27/19,14,P,1641.99
4/28/19,HMAEPZJYXM,4/27/19,14,P,410.49
4/27/19,HMABRR8Q83,4/26/19,9,Q,1676.72
4/27/19,HMABRR8Q83,4/26/19,9,Q,419.18
4/27/19,HMABMQMDZ3,3/25/19,61,G,175.2
4/27/19,HMABMQMDZ3,3/25/19,61,G,700.8
4/21/19,HMAE5NS5SZ,4/20/19,7,L,2462.8
4/16/19,HMARZBQTKW,4/15/19,4,P,582.4
4/16/19,HMARZBQTKW,4/15/19,4,P,145.6
4/15/19,HMADJCPY88,4/14/19,7,Q,1483.6
4/15/19,HMADJCPY88,4/14/19,7,Q,370.9
4/9/19,HMAAMQXCTB,4/8/19,3,P,462.4
4/9/19,HMAAMQXCTB,4/8/19,3,P,115.6
4/4/19,HMNE48WXME,3/3/19,42,Q,1927.92
4/4/19,HMNE48WXME,3/3/19,42,Q,481.98
3/29/19,HMAKNN2NTF,3/28/19,3,J,943
3/29/19,HMAKNN2NTF,3/28/19,3,J,207
3/26/19,HMABMQMDZ3,3/25/19,61,G,2211.6
3/26/19,HMABMQMDZ3,3/25/19,61,G,8846.4
3/23/19,HM2R95RNQK,3/22/19,6,P,762.4
3/23/19,HM2R95RNQK,3/22/19,6,P,190.6
3/19/19,HMAEME2DDQ,3/18/19,3,L,382.6
3/19/19,HMAEME2DDQ,3/18/19,3,L,1530.4
3/19/19,HMAK2HBRQF,3/18/19,3,P,460
3/19/19,HMAK2HBRQF,3/18/19,3,P,115
3/16/19,HMANT2YK2K,3/15/19,3,L,242.48
3/16/19,HMANT2YK2K,3/15/19,3,L,969.96
3/16/19,HMAA9ZAWZW,3/13/19,,G,
3/14/19,HMAA9ZAWZW,3/13/19,3,G,956
3/14/19,HMAA9ZAWZW,3/13/19,3,G,3824
3/13/19,HMACTTQX2C,3/12/19,6,J,1466.98
3/13/19,HMACTTQX2C,3/12/19,6,J,322.02
3/10/19,HMBJ5T5DMN,3/9/19,9,P,899.97
3/10/19,HMBJ5T5DMN,3/9/19,9,P,224.99
3/5/19,HMBXDRAA5T,3/4/19,3,P,422.4
3/5/19,HMBXDRAA5T,3/4/19,3,P,105.6
3/5/19,HMNE48WXME,3/3/19,42,Q,5505.69
3/5/19,HMNE48WXME,3/3/19,42,Q,1376.42
3/4/19,HMJDN3MXKR,3/3/19,8,G,820
3/4/19,HMJDN3MXKR,3/3/19,8,G,3280
2/28/19,HMH5CJB25F,2/27/19,2,J,660.1
2/28/19,HMH5CJB25F,2/27/19,2,J,144.9
2/24/19,HM2SF9RC59,2/23/19,7,L,474.6
2/24/19,HM2SF9RC59,2/23/19,7,L,1898.38
2/19/19,HMSAEJNQTN,2/18/19,8,P,803.01
2/19/19,HMSAEJNQTN,2/18/19,8,P,200.75
2/18/19,HM95Y9SBD9,2/17/19,8,Q,1417.64
2/18/19,HM95Y9SBD9,2/17/19,8,Q,354.41
2/16/19,HMZRYPEZ4T,2/15/19,3,L,344
2/16/19,HMZRYPEZ4T,2/15/19,3,L,1376
2/12/19,HMHFNC25JT,2/11/19,3,L,372
2/12/19,HMHFNC25JT,2/11/19,3,L,1488
2/12/19,HMD2AKA9AJ,2/11/19,7,P,706.56
2/12/19,HMD2AKA9AJ,2/11/19,7,P,176.64
2/9/19,HMDZ2EBBSZ,2/8/19,2,L,175
2/9/19,HMDZ2EBBSZ,2/8/19,2,L,700
2/5/19,HM4S3DKA48,1/3/19,59,G,1531.93
2/5/19,HM4S3DKA48,1/3/19,59,G,6127.73
2/3/19,HMWZ8ABKMJ,2/2/19,2,L,191.8
2/3/19,HMWZ8ABKMJ,2/2/19,2,L,767.2
2/1/19,HMJD5XHPDM,1/31/19,9,P,877.63
2/1/19,HMJD5XHPDM,1/31/19,9,P,219.41
1/26/19,HMNP98J5SC,1/25/19,2,K,162
1/26/19,HMNP98J5SC,1/25/19,2,K,648
1/18/19,HMTDRTRPDJ,1/16/19,31,Q,5464
1/18/19,HMTDRTRPDJ,1/16/19,31,Q,1366
1/15/19,HM2A4XRTMS,1/14/19,1,H,10.51
1/15/19,HM2A4XRTMS,1/14/19,1,H,94.49
1/14/19,HM4K3CABHT,1/5/19,7,P,261
1/14/19,HM4K3CABHT,1/5/19,7,P,3.75
1/14/19,HMX9N5JSKT,1/13/19,18,P,732.61
1/14/19,HMX9N5JSKT,1/13/19,18,P,183.15
1/14/19,HMX9N5JSKT,1/13/19,18,P,576.15
1/14/19,HMX9N5JSKT,1/13/19,18,P,144.04
1/14/19,HMX9N5JSKT,1/13/19,18,P,394.49
1/14/19,HMX9N5JSKT,1/13/19,18,P,98.63
1/11/19,HM3ZJESJQE,1/10/19,6,Q,1226.4
1/11/19,HM3ZJESJQE,1/10/19,6,Q,306.6
1/11/19,HM4K3CABHT,1/5/19,,P,
1/10/19,HMEQ9Q9CNA,1/9/19,3,L,282
1/10/19,HMEQ9Q9CNA,1/9/19,3,L,1128
1/7/19,HM4K3CABHT,1/5/19,7,P,2744.48
1/7/19,HM4K3CABHT,1/5/19,7,P,686.12
1/5/19,HM4S3DKA48,1/3/19,59,G,1628
1/5/19,HM4S3DKA48,1/3/19,59,G,6512
1/5/19,HM4S3DKA48,1/3/19,59,G,68.07
1/5/19,HM4S3DKA48,1/3/19,59,G,272.27
1/4/19,HMFJKTYCMP,1/3/19,5,Q,1083.2
1/4/19,HMFJKTYCMP,1/3/19,5,Q,270.8
12/27/18,HMWNFDRNJ5,12/26/18,9,J,2284
12/27/18,HMWNFDRNJ5,12/26/18,9,J,571
12/27/18,HMQ35ZERK8,12/26/18,7,Q,1191
12/27/18,HMQ35ZERK8,12/26/18,7,Q,297.75
12/24/18,HMQAR922MH,12/23/18,4,L,362
12/24/18,HMQAR922MH,12/23/18,4,L,1448
12/22/18,HMFX2EENS3,12/21/18,5,Q,1024
12/22/18,HMFX2EENS3,12/21/18,5,Q,256
12/19/18,HMPFZEWXJX,12/18/18,15,G,672
12/19/18,HMPFZEWXJX,12/18/18,15,G,2688
12/19/18,HMPFZEWXJX,12/18/18,15,G,41.8
12/19/18,HMPFZEWXJX,12/18/18,15,G,167.2
12/14/18,HMBST98WSX,12/13/18,7,Q,1191
12/14/18,HMBST98WSX,12/13/18,7,Q,297.75
12/12/18,HM2XZAPBBB,12/11/18,2,L,173.4
12/12/18,HM2XZAPBBB,12/11/18,2,L,693.6
12/9/18,HMT9MS4FX8,12/8/18,2,L,185.6
12/9/18,HMT9MS4FX8,12/8/18,2,L,742.4
12/8/18,HM3PMN9X9P,12/7/18,7,P,712.19
12/8/18,HM3PMN9X9P,12/7/18,7,P,178.05
12/6/18,HMW2QHNW5R,12/5/18,7,Q,1191
12/6/18,HMW2QHNW5R,12/5/18,7,Q,297.75
12/4/18,HMAXPM54EC,12/3/18,4,E,548.8
12/4/18,HMAXPM54EC,12/3/18,4,E,137.2
11/28/18,HMM4Y8NHS9,11/27/18,3,H,25.51
11/28/18,HMM4Y8NHS9,11/27/18,3,H,229.49
11/22/18,HMRXRRKC5W,11/21/18,5,L,542
11/22/18,HMWPXC4SC3,11/21/18,3,M,867.2
11/22/18,HMWPXC4SC3,11/21/18,3,M,216.8
11/21/18,HMRFXKAMNT,11/20/18,5,Q,1099.2
11/21/18,HMRFXKAMNT,11/20/18,5,Q,274.8
11/14/18,HMJ5M3DF5K,11/13/18,3,L,144
11/14/18,HMJ5M3DF5K,11/13/18,3,L,576
11/13/18,HMZ33KYB3E,11/12/18,3,E,447.2
11/13/18,HMZ33KYB3E,11/12/18,3,E,111.8
11/10/18,HMYCPNP5ET,11/9/18,6,Q,1327.2
11/10/18,HMYCPNP5ET,11/9/18,6,Q,331.8
11/9/18,HMEST5WSET,11/7/18,3,L,250
11/8/18,HMEST5WSET,11/7/18,3,L,293.6
11/8/18,HMEST5WSET,11/7/18,3,L,1174.4
11/7/18,HM5A5W92JE,11/6/18,1,L,30
11/7/18,HM5A5W92JE,11/6/18,1,L,120
11/5/18,HMB43Z9K3C,11/4/18,12,M,2278.45
11/5/18,HMB43Z9K3C,11/4/18,12,M,569.61
11/4/18,HMZNMPFH3Q,11/3/18,6,Q,1247.2
11/4/18,HMZNMPFH3Q,11/3/18,6,Q,311.8
10/30/18,HMRA845JA4,10/29/18,5,L,841.8
10/30/18,HMRA845JA4,10/29/18,5,L,3367.2
10/26/18,HMZAKTFF3H,10/25/18,,L,
10/26/18,HM3Q8X8F3P,10/25/18,3,M,1333.6
10/26/18,HM3Q8X8F3P,10/25/18,3,M,333.4
10/26/18,HMAHKWKT8H,10/25/18,4,L,240
10/26/18,HMAHKWKT8H,10/25/18,4,L,960
10/26/18,HMZAKTFF3H,10/25/18,3,L,249.19
10/26/18,HMZAKTFF3H,10/25/18,3,L,996.8
10/25/18,HMKEM3KQSW,10/24/18,4,Q,1072
10/25/18,HMKEM3KQSW,10/24/18,4,Q,268
10/22/18,HM594BDMAR,10/21/18,7,E,802.75
10/22/18,HM594BDMAR,10/21/18,7,E,200.69
10/21/18,HMZ5AKR2NX,10/20/18,3,M,1151.2
10/21/18,HMZ5AKR2NX,10/20/18,3,M,287.8
10/20/18,HMX3DKYQA5,10/19/18,4,Q,664
10/20/18,HMX3DKYQA5,10/19/18,4,Q,166
10/18/18,HMKJXDRKEW,10/17/18,4,E,584
10/18/18,HMKJXDRKEW,10/17/18,4,E,146
10/18/18,HMAK8TXC2Q,10/17/18,1,L,170
10/18/18,HMAK8TXC2Q,10/17/18,1,L,680
10/16/18,HMYDKJJ8NQ,10/15/18,3,M,1157.6
10/16/18,HMYDKJJ8NQ,10/15/18,3,M,289.4
10/15/18,HM8ZF9B883,10/14/18,5,Q,1064.8
10/15/18,HM8ZF9B883,10/14/18,5,Q,266.2
10/9/18,HMHJX83EXA,10/8/18,3,M,1079.2
10/9/18,HMHJX83EXA,10/8/18,3,M,269.8
10/7/18,HMD2ZYSPS9,10/6/18,7,E,676.8
10/7/18,HMD2ZYSPS9,10/6/18,7,E,169.2
10/4/18,HMSREJ8T58,10/3/18,7,Q,1489.6
10/4/18,HMSREJ8T58,10/3/18,7,Q,372.4
10/3/18,HM3JAME3NQ,10/2/18,4,E,492
10/3/18,HM3JAME3NQ,10/2/18,4,E,123
9/27/18,HM3YFZZ2SR,9/26/18,4,Q,1061.6
9/27/18,HM3YFZZ2SR,9/26/18,4,Q,265.4
9/27/18,HMTYSM5TXF,9/26/18,4,E,472
9/27/18,HMTYSM5TXF,9/26/18,4,E,118
9/25/18,HMNC2CQ5E4,9/24/18,2,E,280
9/25/18,HMNC2CQ5E4,9/24/18,2,E,70
9/24/18,HM98JJCQ3T,9/23/18,13,M,3588
9/24/18,HM98JJCQ3T,9/23/18,13,M,897
9/24/18,HM98JJCQ3T,9/23/18,13,M,192
9/24/18,HM98JJCQ3T,9/23/18,13,M,48
9/21/18,HMCSWFNNJ2,9/20/18,2,E,350
9/20/18,HMAHCWWYJY,9/19/18,4,M,1520
9/20/18,HMAHCWWYJY,9/19/18,4,M,380
9/18/18,HMBDF48B33,9/17/18,7,Q,1489.6
9/18/18,HMBDF48B33,9/17/18,7,Q,372.4
9/15/18,HMY9QNZKP3,9/14/18,4,M,1123.2
9/15/18,HMY9QNZKP3,9/14/18,4,M,280.8
9/12/18,HM4PEAN9HF,9/11/18,4,Q,1054.4
9/12/18,HM4PEAN9HF,9/11/18,4,Q,263.6
9/12/18,HMW8BAA89H,9/11/18,3,H,27
9/12/18,HMW8BAA89H,9/11/18,3,H,243
9/11/18,HMZX988JJX,9/10/18,3,M,700
9/11/18,HMZX988JJX,9/10/18,3,M,175
9/11/18,HMP8NPMQSM,9/10/18,10,E,1329
9/5/18,HME3XJJXZY,9/4/18,7,Q,1396.45
9/5/18,HME3XJJXZY,9/4/18,7,Q,349.11
9/3/18,HMZXFBDMYT,9/2/18,30,L,1400
9/3/18,HMZXFBDMYT,9/2/18,30,L,5600
9/1/18,HMB5J35QXH,8/31/18,2,L,265.6
9/1/18,HMB5J35QXH,8/31/18,2,L,1062.4
8/28/18,HMC4HETXMA,8/27/18,13,M,3530.4
8/28/18,HMC4HETXMA,8/27/18,13,M,882.6
8/27/18,HMAWBP2RX9,8/26/18,7,Q,1399.08
8/27/18,HMAWBP2RX9,8/26/18,7,Q,349.76
8/25/18,HM3FDWE5YN,8/24/18,1,E,15
8/24/18,HMNFW4CTNA,8/23/18,3,L,379.8
8/24/18,HMNFW4CTNA,8/23/18,3,L,1519.2
8/18/18,HMEABB8T5K,8/17/18,5,L,592.2
8/18/18,HMEABB8T5K,8/17/18,5,L,2368.8
8/13/18,HM5F9RNA4J,8/12/18,28,P,2872
8/13/18,HM5F9RNA4J,8/12/18,28,P,718
8/13/18,HMHENPRPTS,8/12/18,3,L,461.4
8/13/18,HMHENPRPTS,8/12/18,3,L,1845.6
8/7/18,HMQKZZTE45,8/6/18,19,M,6980
8/7/18,HMQKZZTE45,8/6/18,19,M,1745
8/5/18,HM8JHXBF22,8/4/18,7,L,1034.97
8/5/18,HM8JHXBF22,8/4/18,7,L,4139.87
8/3/18,HMZP5MKE4S,8/2/18,11,F,2103.6
8/3/18,HMZP5MKE4S,8/2/18,11,F,593.32
8/3/18,HMPC3SRE4N,8/2/18,2,L,268
8/3/18,HMPC3SRE4N,8/2/18,2,L,1072
7/30/18,HM2QWCKEBW,7/29/18,13,P,1910.4
7/30/18,HM2QWCKEBW,7/29/18,13,P,477.6
7/30/18,HM2QWCKEBW,7/29/18,,P,
7/30/18,HMCWN2TEKD,7/29/18,,M,
7/30/18,HMCWN2TEKD,7/29/18,7,M,2480
7/30/18,HMCWN2TEKD,7/29/18,7,M,620
7/23/18,HMNQDX4EH8,7/22/18,8,F,1783.08
7/23/18,HMNQDX4EH8,7/22/18,8,F,502.92
7/23/18,HMNQDX4EH8,7/22/18,,F,
7/23/18,HM8S8Y5ANA,7/22/18,,P,
7/23/18,HM8S8Y5ANA,7/22/18,7,P,1180.8
7/23/18,HM8S8Y5ANA,7/22/18,7,P,295.2
7/22/18,HME8EMP4B3,7/21/18,10,L,1569.8
7/22/18,HME8EMP4B3,7/21/18,10,L,6279.2
7/22/18,HME8EMP4B3,7/21/18,,L,
7/17/18,HMABJ8EP8T,7/16/18,3,L,402
7/17/18,HMABJ8EP8T,7/16/18,3,L,1608
7/17/18,HMABJ8EP8T,7/16/18,,L,
7/15/18,HMYMSRYCM5,7/14/18,14,M,6354.46
7/15/18,HMYMSRYCM5,7/14/18,14,M,1588.62
7/15/18,HMYMSRYCM5,7/14/18,,M,
7/11/18,HMJSKJX2FR,7/10/18,,L,
7/11/18,HMJSKJX2FR,7/10/18,5,L,642
7/11/18,HMJSKJX2FR,7/10/18,5,L,2568
7/8/18,HMWKTHZFTK,7/7/18,14,F,2999.88
7/8/18,HMWKTHZFTK,7/7/18,14,F,846.12
7/8/18,HMWKTHZFTK,7/7/18,,F,
7/7/18,HM84PCBQZ4,7/6/18,15,Q,3064
7/7/18,HM84PCBQZ4,7/6/18,15,Q,766
7/7/18,HM84PCBQZ4,7/6/18,,Q,
7/7/18,HMZKNYT5H9,7/6/18,16,P,2192
7/7/18,HMZKNYT5H9,7/6/18,16,P,548
7/7/18,HMZKNYT5H9,7/6/18,,P,
7/7/18,HMZKNYT5H9,7/6/18,16,P,140.8
7/7/18,HMZKNYT5H9,7/6/18,16,P,35.2
7/1/18,HMM5MFBCXH,6/30/18,13,M,4051.08
7/1/18,HMM5MFBCXH,6/30/18,13,M,1012.77
7/1/18,HMM5MFBCXH,6/30/18,,M,
6/26/18,HMK4TPHFD4,6/25/18,8,F,2032.68
6/26/18,HMK4TPHFD4,6/25/18,8,F,573.32
6/26/18,HMK4TPHFD4,6/25/18,,F,
6/25/18,HMXDMC4BBP,6/24/18,8,Q,1686.4
6/25/18,HMXDMC4BBP,6/24/18,8,Q,421.6
6/25/18,HMXDMC4BBP,6/24/18,,Q,
6/25/18,HM9XQJZTWR,6/24/18,4,M,1740
6/25/18,HM9XQJZTWR,6/24/18,4,M,435
6/25/18,HM9XQJZTWR,6/24/18,,M,
6/24/18,HME9ANFQKJ,6/23/18,14,L,1400
6/24/18,HME9ANFQKJ,6/23/18,14,L,5600
6/24/18,HME9ANFQKJ,6/23/18,,L,
6/22/18,HMNQ3XXWBJ,6/21/18,3,Q,719.2
6/22/18,HMNQ3XXWBJ,6/21/18,3,Q,179.8
6/22/18,HMNQ3XXWBJ,6/21/18,,Q,
6/17/18,HMJDM82DTF,6/16/18,4,Q,1072
6/17/18,HMJDM82DTF,6/16/18,4,Q,268
6/17/18,HMJDM82DTF,6/16/18,,Q,
6/15/18,HM32WTT4XY,6/14/18,3,L,524
6/15/18,HM32WTT4XY,6/14/18,3,L,2096
6/15/18,HM32WTT4XY,6/14/18,,L,
6/15/18,HM22Z93QFK,6/14/18,4,J,1720
6/15/18,HM22Z93QFK,6/14/18,4,J,430
6/15/18,HM22Z93QFK,6/14/18,,J,
6/14/18,HMWRHFPDDW,6/13/18,6,M,2501.6
6/14/18,HMWRHFPDDW,6/13/18,6,M,625.4
6/14/18,HMWRHFPDDW,6/13/18,,M,
6/9/18,HMSZTQRSYS,6/8/18,2,L,322
6/9/18,HMSZTQRSYS,6/8/18,2,L,1288
6/9/18,HMSZTQRSYS,6/8/18,,L,
6/8/18,HMTRJKC854,6/7/18,4,Q,1072
6/8/18,HMTRJKC854,6/7/18,4,Q,268
6/8/18,HMTRJKC854,6/7/18,,Q,
6/8/18,HMFKBKAJNP,6/7/18,2,J,840
6/8/18,HMFKBKAJNP,6/7/18,2,J,210
6/8/18,HMFKBKAJNP,6/7/18,,J,
6/5/18,HMQKBP5A34,6/4/18,2,M,720
6/5/18,HMQKBP5A34,6/4/18,2,M,180
6/5/18,HMQKBP5A34,6/4/18,,M,
6/1/18,HMC4PTQ2N4,5/31/18,8,L,1206.6
6/1/18,HMC4PTQ2N4,5/31/18,8,L,4826.4
6/1/18,HMC4PTQ2N4,5/31/18,,L,
5/27/18,HMQQZH82H3,5/26/18,2,M,915.2
5/27/18,HMQQZH82H3,5/26/18,2,M,228.8
5/27/18,HMQQZH82H3,5/26/18,,M,
5/26/18,HM4Y34E595,5/25/18,3,L,430.8
5/26/18,HM4Y34E595,5/25/18,3,L,1723.2
5/26/18,HM4Y34E595,5/25/18,,L,
5/25/18,HM22TQJ4MB,5/24/18,3,J,900
5/25/18,HM22TQJ4MB,5/24/18,3,J,225
5/25/18,HM22TQJ4MB,5/24/18,,J,
5/20/18,HMHJEWFE3S,5/19/18,9,Q,1719.2
5/20/18,HMHJEWFE3S,5/19/18,9,Q,429.8
5/20/18,HMHJEWFE3S,5/19/18,,Q,
5/19/18,HMDE2PCC9R,5/18/18,2,M,973.6
5/19/18,HMDE2PCC9R,5/18/18,2,M,243.4
5/19/18,HMDE2PCC9R,5/18/18,,M,
5/17/18,HM899BC8TZ,5/16/18,4,L,400
5/17/18,HM899BC8TZ,5/16/18,4,L,1600
5/17/18,HM899BC8TZ,5/16/18,,L,
5/17/18,HMQMFAJJDM,5/16/18,2,M,620
5/17/18,HMQMFAJJDM,5/16/18,2,M,155
5/17/18,HMQMFAJJDM,5/16/18,,M,
5/15/18,HMDFCBCWMH,5/14/18,5,J,1477.6
5/15/18,HMDFCBCWMH,5/14/18,5,J,369.4
5/15/18,HMDFCBCWMH,5/14/18,,J,
5/15/18,HMED2FYAAJ,5/14/18,5,Q,1197.6
5/15/18,HMED2FYAAJ,5/14/18,5,Q,299.4
5/15/18,HMED2FYAAJ,5/14/18,,Q,
5/15/18,HMMSFNNREK,5/14/18,2,M,620
5/15/18,HMMSFNNREK,5/14/18,2,M,155
5/15/18,HMMSFNNREK,5/14/18,,M,
5/15/18,HMDFCBCWMH,5/14/18,5,J,288.8
5/15/18,HMDFCBCWMH,5/14/18,5,J,72.2
5/12/18,HMHZNMXB4M,5/11/18,4,L,447.4
5/12/18,HMHZNMXB4M,5/11/18,4,L,1789.6
5/12/18,HMHZNMXB4M,5/11/18,,L,
5/9/18,HMXKTKS5Y9,5/8/18,4,Q,965.6
5/9/18,HMXKTKS5Y9,5/8/18,4,Q,241.4
5/9/18,HMXKTKS5Y9,5/8/18,,Q,
5/8/18,HMME9D9WY2,5/7/18,4,L,504.82
5/8/18,HMME9D9WY2,5/7/18,4,L,2019.3
5/8/18,HMME9D9WY2,5/7/18,,L,
5/8/18,HMN55F29H9,5/7/18,7,M,2150.24
5/8/18,HMN55F29H9,5/7/18,7,M,537.56
5/8/18,HMN55F29H9,5/7/18,,M,
5/8/18,HMZD4AFZTX,5/7/18,3,J,1102.4
5/8/18,HMZD4AFZTX,5/7/18,3,J,275.6
5/8/18,HMZD4AFZTX,5/7/18,,J,
5/1/18,HMMJF58CP8,4/30/18,7,Q,1294.77
5/1/18,HMMJF58CP8,4/30/18,7,Q,323.69
5/1/18,HMMJF58CP8,4/30/18,,Q,
5/1/18,HMWC8ADK4N,4/30/18,7,L,210
5/1/18,HMWC8ADK4N,4/30/18,7,L,840
5/1/18,HMWC8ADK4N,4/30/18,,L,
4/29/18,HMCFYRCDQF,4/28/18,7,J,1879.04
4/29/18,HMCFYRCDQF,4/28/18,7,J,469.76
4/29/18,HMCFYRCDQF,4/28/18,,J,
4/27/18,HMYTWB2Z9B,2/26/18,63,P,334.54
4/27/18,HMYTWB2Z9B,2/26/18,63,P,83.63
4/27/18,HMPTHX9W9N,4/26/18,9,M,3338.68
4/27/18,HMPTHX9W9N,4/26/18,,M,
4/24/18,HME58CE8CH,4/23/18,6,Q,1383.2
4/24/18,HME58CE8CH,4/23/18,6,Q,345.8
4/24/18,HME58CE8CH,4/23/18,,Q,
4/20/18,HMWBQC8BM5,4/19/18,4,L,473.6
4/20/18,HMWBQC8BM5,4/19/18,4,L,1894.4
4/20/18,HMWBQC8BM5,4/19/18,,L,
4/19/18,HMBJDDC3NZ,4/18/18,4,Q,908.8
4/19/18,HMBJDDC3NZ,4/18/18,4,Q,227.2
4/19/18,HMBJDDC3NZ,4/18/18,,Q,
4/16/18,HM3W54C99P,4/15/18,7,O,1379.52
4/16/18,HM3W54C99P,4/15/18,7,O,459.83
4/16/18,HM3W54C99P,4/15/18,,O,
4/14/18,HM5NMYPPSD,4/13/18,5,Q,1040
4/14/18,HM5NMYPPSD,4/13/18,5,Q,260
4/14/18,HM5NMYPPSD,4/13/18,,Q,
4/13/18,HMEBA32Q32,4/12/18,3,O,816.75
4/13/18,HMEBA32Q32,4/12/18,3,O,272.25
4/13/18,HMEBA32Q32,4/12/18,,O,
4/13/18,HMCZCP5JEW,4/12/18,5,L,588.4
4/13/18,HMCZCP5JEW,4/12/18,5,L,2353.6
4/13/18,HMCZCP5JEW,4/12/18,,L,
4/11/18,HMYZQ9QYMM,4/10/18,7,M,2592.76
4/11/18,HMYZQ9QYMM,4/10/18,,M,
4/9/18,HMQQMDBS42,4/8/18,4,O,968.25
4/9/18,HMQQMDBS42,4/8/18,4,O,322.75
4/9/18,HMQQMDBS42,4/8/18,,O,
4/1/18,HM8TEK2NW8,3/31/18,7,Q,1422.69
4/1/18,HM8TEK2NW8,3/31/18,7,Q,355.67
4/1/18,HM8TEK2NW8,3/31/18,,Q,
3/29/18,HMDPFQWTPE,3/28/18,9,O,1964.74
3/29/18,HMDPFQWTPE,3/28/18,9,O,654.91
3/29/18,HMDPFQWTPE,3/28/18,,O,
3/27/18,HMYTWB2Z9B,2/26/18,63,P,2484.91
3/27/18,HMYTWB2Z9B,2/26/18,63,P,621.23
3/25/18,HMZCBE43R5,3/24/18,17,J,4207.48
3/25/18,HMZCBE43R5,3/24/18,17,J,1051.87
3/25/18,HMZCBE43R5,3/24/18,,J,
3/25/18,HM2F3NEYJP,3/24/18,1,M,28
3/22/18,HMF4TSZWXD,3/21/18,5,O,563.41
3/22/18,HMF4TSZWXD,3/21/18,5,O,187.79
3/19/18,HMJN4M8E5E,3/18/18,13,L,5602
3/19/18,HMJN4M8E5E,3/18/18,,L,
3/15/18,HMZXNPA25D,3/14/18,7,O,1427.96
3/15/18,HMZXNPA25D,3/14/18,7,O,475.99
3/15/18,HMZXNPA25D,3/14/18,,O,
3/14/18,HMT5BABZZY,3/13/18,3,L,1669
3/14/18,HMT5BABZZY,3/13/18,,L,
3/9/18,HMXRXPDCNZ,3/8/18,1,L,20
3/9/18,HMR2FQDRFQ,3/7/18,7,O,1402.5
3/9/18,HMR2FQDRFQ,3/7/18,7,O,159.38
3/8/18,HMR2FQDRFQ,3/7/18,7,O,467.49
3/8/18,HMR2FQDRFQ,3/7/18,,O,
3/8/18,HMR2FQDRFQ,3/7/18,7,O,53.12
2/28/18,HMYTWB2Z9B,2/26/18,63,P,2449.36
2/28/18,HMYTWB2Z9B,2/26/18,63,P,612.34
2/28/18,HMYTWB2Z9B,2/26/18,,P,
2/27/18,HMBHTSEBFK,2/25/18,7,O,1530.42
2/26/18,HMXP3TY4BQ,2/25/18,17,J,4038.84
2/26/18,HMXP3TY4BQ,2/25/18,17,J,1009.71
2/26/18,HMXP3TY4BQ,2/25/18,,J,
2/26/18,HMBHTSEBFK,2/25/18,7,O,510.13
2/26/18,HMBHTSEBFK,2/25/18,,O,
2/22/18,HMWEP9BXTZ,2/20/18,5,O,937.49
2/21/18,HMWEP9BXTZ,2/20/18,5,O,312.51
2/21/18,HMWEP9BXTZ,2/20/18,,O,
2/20/18,HMRYAAH89S,2/19/18,6,Q,1400
2/20/18,HMRYAAH89S,2/19/18,6,Q,350
2/20/18,HMRYAAH89S,2/19/18,,Q,
2/19/18,HMBQ92KESF,2/17/18,2,O,495.75
2/18/18,HMBQ92KESF,2/17/18,2,O,165.25
2/18/18,HMBQ92KESF,2/17/18,,O,
2/17/18,HMZSKKTJSZ,2/16/18,7,P,859.33
2/17/18,HMZSKKTJSZ,2/16/18,7,P,214.83
2/17/18,HMZSKKTJSZ,2/16/18,,P,
2/15/18,HMXDMB92PS,2/13/18,3,O,690
2/14/18,HMXDMB92PS,2/13/18,3,O,230
2/14/18,HMXDMB92PS,2/13/18,,O,
2/13/18,HMRHWFDSJ4,2/12/18,3,J,1075.2
2/13/18,HMRHWFDSJ4,2/12/18,3,J,268.8
2/13/18,HMRHWFDSJ4,2/12/18,,J,
2/8/18,HM2AZZ49QK,2/6/18,7,O,1319.51
2/7/18,HMFH2EYQTB,2/6/18,8,I,347.51
2/7/18,HMFH2EYQTB,2/6/18,8,I,1042.49
2/7/18,HMFH2EYQTB,2/6/18,,I,
2/7/18,HM2AZZ49QK,2/6/18,7,O,439.83
2/7/18,HM2AZZ49QK,2/6/18,,O,
1/31/18,HM9ATCP5BE,1/29/18,4,O,951.75
1/30/18,HM9ATCP5BE,1/29/18,4,O,317.25
1/30/18,HM9ATCP5BE,1/29/18,,O,
1/29/18,HMZQXPB82F,1/28/18,4,I,192.51
1/29/18,HMZQXPB82F,1/28/18,4,I,577.49
1/29/18,HMZQXPB82F,1/28/18,,I,
1/29/18,HMADZPD2ZR,1/28/18,13,P,1436.61
1/29/18,HMADZPD2ZR,1/28/18,13,P,359.15
1/29/18,HMADZPD2ZR,1/28/18,,P,
1/25/18,HM2BD8NB9Q,1/23/18,5,O,1044.75
1/24/18,HM2BD8NB9Q,1/23/18,5,O,348.25
1/24/18,HM2BD8NB9Q,1/23/18,,O,
1/23/18,HMZD4ZRN32,1/21/18,2,O,472.51
1/22/18,HMZD4ZRN32,1/21/18,2,O,157.49
1/22/18,HMZD4ZRN32,1/21/18,,O,
1/19/18,HMCA9QXBAX,1/17/18,2,O,472.51
1/18/18,HMSCKFSRHE,1/17/18,6,I,272.51
1/18/18,HMSCKFSRHE,1/17/18,6,I,817.49
1/18/18,HMSCKFSRHE,1/17/18,,I,
1/18/18,HMCA9QXBAX,1/17/18,2,O,157.49
1/18/18,HMCA9QXBAX,1/17/18,,O,
1/14/18,HMZ23ZTTAS,1/13/18,14,P,1499.97
1/14/18,HMZ23ZTTAS,1/13/18,14,P,374.99
1/14/18,HMZ23ZTTAS,1/13/18,,P,
1/10/18,HM5H29KTDP,1/8/18,3,O,712.51
1/9/18,HM5H29KTDP,1/8/18,3,O,237.49
1/9/18,HM5H29KTDP,1/8/18,,O,
1/8/18,HMEPWT3PH8,1/7/18,7,I,316.68
1/8/18,HMEPWT3PH8,1/7/18,7,I,950.02
1/8/18,HMEPWT3PH8,1/7/18,,I,
1/6/18,HMKBWA8X25,1/5/18,7,P,749.83
1/6/18,HMKBWA8X25,1/5/18,7,P,187.45
1/6/18,HMKBWA8X25,1/5/18,,P,
12/31/17,HMTRFBJSTX,12/30/17,4,J,1128
12/31/17,HMTRFBJSTX,12/30/17,4,J,282
12/31/17,HMTRFBJSTX,12/30/17,,J,
12/29/17,HMXABR42FM,12/28/17,7,P,711.2
12/29/17,HMXABR42FM,12/28/17,7,P,177.8
12/29/17,HMXABR42FM,12/28/17,,P,
12/26/17,HMWKKDKQCB,12/24/17,7,O,1125
12/25/17,HMDJHEKANP,12/24/17,6,Q,1201.6
12/25/17,HMDJHEKANP,12/24/17,6,Q,300.4
12/25/17,HMDJHEKANP,12/24/17,,Q,
12/25/17,HMWKKDKQCB,12/24/17,7,O,375
12/25/17,HMWKKDKQCB,12/24/17,,O,
12/24/17,HMK3XE4FKM,12/23/17,9,I,539.25
12/24/17,HMK3XE4FKM,12/23/17,9,I,1617.75
12/24/17,HMK3XE4FKM,12/23/17,,I,
12/22/17,HMTJFBRHF2,12/21/17,7,P,813.72
12/22/17,HMTJFBRHF2,12/21/17,7,P,203.43
12/22/17,HMTJFBRHF2,12/21/17,,P,
12/21/17,HMZRCSFSS3,12/20/17,2,O,600
12/21/17,HMZRCSFSS3,12/20/17,,O,
12/20/17,HMKZFNZ3SW,12/19/17,8,J,1916
12/20/17,HMKZFNZ3SW,12/19/17,8,J,479
12/20/17,HMKZFNZ3SW,12/19/17,,J,
12/11/17,HMJFEEQ4M9,12/10/17,5,P,580
12/11/17,HMJFEEQ4M9,12/10/17,5,P,145
12/11/17,HMJFEEQ4M9,12/10/17,,P,
12/6/17,HM822TBKRQ,12/5/17,6,J,1632
12/6/17,HM822TBKRQ,12/5/17,6,J,408
12/6/17,HM822TBKRQ,12/5/17,,J,
12/4/17,HMZ948MH4M,12/3/17,12,I,694
12/4/17,HMZ948MH4M,12/3/17,12,I,2082
12/4/17,HMZ948MH4M,12/3/17,,I,
12/3/17,HMTCRDWBY2,12/2/17,5,P,624
12/3/17,HMTCRDWBY2,12/2/17,5,P,156
12/3/17,HMTCRDWBY2,12/2/17,,P,
11/28/17,HMW4WNQ54B,11/27/17,4,I,212.51
11/28/17,HMW4WNQ54B,11/27/17,4,I,637.49
11/28/17,HMW4WNQ54B,11/27/17,,I,
11/21/17,HMPQ5AXAK9,11/20/17,7,J,1881.6
11/21/17,HMPQ5AXAK9,11/20/17,7,J,470.4
11/21/17,HMPQ5AXAK9,11/20/17,,J,
11/20/17,HM9KCBNED2,11/19/17,7,I,471.25
11/20/17,HM9KCBNED2,11/19/17,7,I,1413.75
11/20/17,HM9KCBNED2,11/19/17,,I,
11/19/17,HM9CRPBF55,11/18/17,8,P,930.68
11/19/17,HM9CRPBF55,11/18/17,8,P,232.67
11/19/17,HM9CRPBF55,11/18/17,,P,
11/14/17,HMFQEEAJNC,11/13/17,3,I,216.25
11/14/17,HMFQEEAJNC,11/13/17,3,I,648.75
11/14/17,HMFQEEAJNC,11/13/17,,I,
11/14/17,HMNNSZ4BNJ,11/13/17,3,H,25.51
11/14/17,HMNNSZ4BNJ,11/13/17,3,H,229.49
11/6/17,HMWP3JJQPJ,11/5/17,10,J,2335.44
11/6/17,HMWP3JJQPJ,11/5/17,10,J,583.86
11/6/17,HMWP3JJQPJ,11/5/17,,J,
11/5/17,HMTPPXSX2T,11/4/17,8,I,449
11/5/17,HMTPPXSX2T,11/4/17,8,I,1347
11/5/17,HMTPPXSX2T,11/4/17,,I,
10/24/17,HMRM29RPZ4,10/23/17,4,H,33
10/24/17,HMRM29RPZ4,10/23/17,4,H,297
10/23/17,HMFE2XRDN8,10/22/17,7,I,471.31
10/23/17,HMFE2XRDN8,10/22/17,7,I,1413.94
10/23/17,HMFE2XRDN8,10/22/17,,I,
10/20/17,HMKX258W3P,10/19/17,29,P,2466.72
10/20/17,HMKX258W3P,10/19/17,29,P,616.68
10/20/17,HMKX258W3P,10/19/17,,P,
10/18/17,HMR4C498XJ,10/17/17,16,J,3820.56
10/18/17,HMR4C498XJ,10/17/17,16,J,955.14
10/18/17,HMR4C498XJ,10/17/17,,J,
10/13/17,HM3NR53XPZ,10/10/17,,I,
10/12/17,HM5EWBWSWP,10/11/17,4,J,1248.8
10/12/17,HM5EWBWSWP,10/11/17,4,J,312.2
10/12/17,HM5EWBWSWP,10/11/17,,J,
10/11/17,HM3NR53XPZ,10/10/17,7,I,441.24
10/11/17,HM3NR53XPZ,10/10/17,7,I,1324.74
10/11/17,HM3NR53XPZ,10/10/17,,I,
10/4/17,HMP3DDNX2T,10/3/17,5,I,376.25
10/4/17,HMP3DDNX2T,10/3/17,5,I,1128.75
10/4/17,HMP3DDNX2T,10/3/17,,I,
10/4/17,HMM8CTCQ3E,10/3/17,4,J,1279.2
10/4/17,HMM8CTCQ3E,10/3/17,4,J,319.8
10/4/17,HMM8CTCQ3E,10/3/17,,J,
9/26/17,HM8N3TFYPX,9/25/17,23,P,2537.52
9/26/17,HM8N3TFYPX,9/25/17,23,P,634.38
9/26/17,HM8N3TFYPX,9/25/17,,P,
9/25/17,HMTE89ZCNT,9/24/17,6,I,351.25
9/25/17,HMTE89ZCNT,9/24/17,6,I,1053.75
9/25/17,HMTE89ZCNT,9/24/17,,I,
9/25/17,HMTE89ZCNT,9/24/17,6,I,23.75
9/25/17,HMTE89ZCNT,9/24/17,6,I,71.25
9/20/17,HMJ48KCAHD,9/19/17,3,P,430.4
9/20/17,HMJ48KCAHD,9/19/17,3,P,107.6
9/20/17,HMJ48KCAHD,9/19/17,,P,
9/17/17,HMZBWCWEBA,9/16/17,12,J,2734.6
9/17/17,HMZBWCWEBA,9/16/17,12,J,683.65
9/17/17,HMZBWCWEBA,9/16/17,,J,
9/16/17,HMJQMTJ3MH,9/15/17,8,I,462.77
9/16/17,HMJQMTJ3MH,9/15/17,8,I,1386.23
9/16/17,HMJQMTJ3MH,9/15/17,,I,
9/12/17,HMNCEME2JX,9/11/17,3,P,426.4
9/12/17,HMNCEME2JX,9/11/17,3,P,106.6
9/12/17,HMNCEME2JX,9/11/17,,P,
9/10/17,HM8XBS8HZ9,9/9/17,3,J,902.4
9/10/17,HM8XBS8HZ9,9/9/17,3,J,225.6
9/10/17,HM8XBS8HZ9,9/9/17,,J,
9/9/17,HMX85MJNYE,9/8/17,7,I,412.27
9/9/17,HMX85MJNYE,9/8/17,7,I,1234.73
9/9/17,HMX85MJNYE,9/8/17,,I,
9/5/17,HMMF5RQKCR,9/4/17,4,P,488
9/5/17,HMMF5RQKCR,9/4/17,4,P,122
9/5/17,HMMF5RQKCR,9/4/17,,P,
9/2/17,HMZBY8YFFX,9/1/17,6,I,415
9/2/17,HMZBY8YFFX,9/1/17,6,I,1245
9/2/17,HMZBY8YFFX,9/1/17,,I,
8/31/17,HMPSF8AD8N,8/30/17,3,P,465.6
8/31/17,HMPSF8AD8N,8/30/17,3,P,116.4
8/31/17,HMPSF8AD8N,8/30/17,,P,
8/31/17,HMCNR2AS52,8/20/17,34,Q,5930
8/29/17,HMKQP5S8BB,8/28/17,11,J,2754.4
8/29/17,HMKQP5S8BB,8/28/17,11,J,688.6
8/29/17,HMKQP5S8BB,8/28/17,,J,
8/23/17,HM25T5TJPW,8/22/17,8,P,1074.99
8/23/17,HM25T5TJPW,8/22/17,8,P,269.01
8/23/17,HM25T5TJPW,8/22/17,,P,
8/21/17,HMCNR2AS52,8/20/17,,Q,
8/16/17,HMKJJ3NQTN,8/8/17,,P,
8/9/17,HMKJJ3NQTN,8/8/17,9,P,1531.96
8/9/17,HMKJJ3NQTN,8/8/17,9,P,383.51
8/9/17,HMKJJ3NQTN,8/8/17,,P,
8/7/17,HM4K3QBXR5,8/6/17,25,I,5534
8/7/17,HM4K3QBXR5,8/6/17,,I,
8/4/17,HM8MPCJ98E,8/3/17,5,P,727.59
8/4/17,HM8MPCJ98E,8/3/17,5,P,182.41
8/4/17,HM8MPCJ98E,8/3/17,,P,
7/31/17,HM438PXKN3,7/30/17,7,I,1647
7/31/17,HM438PXKN3,7/30/17,,I,
7/26/17,HM4MT884YB,7/25/17,25,J,6235.2
7/26/17,HM4MT884YB,7/25/17,25,J,1558.8
7/26/17,HM4MT884YB,7/25/17,,J,
7/22/17,HM5FF9SDB5,7/21/17,11,P,1345.99
7/22/17,HM5FF9SDB5,7/21/17,11,P,337.01
7/22/17,HM5FF9SDB5,7/21/17,,P,
7/17/17,JNF8BR,7/16/17,14,Q,2512.23
7/17/17,JNF8BR,7/16/17,14,Q,627.8
7/17/17,HMCMYTFWP3,7/16/17,5,P,752.41
7/17/17,HMCMYTFWP3,7/16/17,5,P,187.59
7/17/17,HMCMYTFWP3,7/16/17,,P,
7/17/17,JNF8BR,7/16/17,14,Q,399.98
7/17/17,JNF8BR,7/16/17,14,Q,99.99
7/17/17,JNF8BR,7/16/17,,Q,
7/14/17,HM999DSJTS,7/13/17,10,F,2050.62
7/14/17,HM999DSJTS,7/13/17,10,F,578.38
7/14/17,HM999DSJTS,7/13/17,,F,
7/12/17,HM4HQTTNNJ,7/11/17,5,Q,1306.19
7/12/17,HM4HQTTNNJ,7/11/17,5,Q,326.81
7/12/17,HM4HQTTNNJ,7/11/17,,Q,
7/11/17,HMBQAS94EX,7/10/17,4,J,1272.39
7/11/17,HMBQAS94EX,7/10/17,4,J,318.61
7/11/17,HMBQAS94EX,7/10/17,,J,
7/8/17,HMYFW2R4N8,7/7/17,20,I,4042
7/8/17,HMYFW2R4N8,7/7/17,,I,
7/7/17,HMKYPSZMDQ,7/6/17,1,I,20
7/2/17,HMJCH9ZEJT,7/1/17,9,F,1697.69
7/2/17,HMJCH9ZEJT,7/1/17,9,F,479.31
7/2/17,HMJCH9ZEJT,7/1/17,,F,
7/2/17,HMJX8D443S,7/1/17,7,J,1907.61
7/2/17,HMJX8D443S,7/1/17,7,J,476.39
7/2/17,HMJX8D443S,7/1/17,,J,
7/1/17,HMWRY444JR,6/30/17,11,Q,2352.41
7/1/17,HMWRY444JR,6/30/17,11,Q,587.59
7/1/17,HMWRY444JR,6/30/17,,Q,
7/1/17,HM4N8YYDTW,6/20/17,8,F,75
6/25/17,HMA53J2X34,6/24/17,7,J,2055.61
6/25/17,HMA53J2X34,6/24/17,7,J,513.39
6/25/17,HMA53J2X34,6/24/17,,J,
6/22/17,HME44Y5ETT,6/21/17,9,Q,1079.79
6/22/17,HME44Y5ETT,6/21/17,9,Q,270.21
6/21/17,HMRZBYEARW,6/20/17,1,J,63.59
6/21/17,HMRZBYEARW,6/20/17,1,J,16.41
6/21/17,HMRZBYEARW,6/20/17,,J,
6/21/17,HM4N8YYDTW,6/20/17,8,F,1321.95
6/21/17,HM4N8YYDTW,6/20/17,8,F,373.28
6/21/17,HM4N8YYDTW,6/20/17,,F,
6/21/17,HM4N8YYDTW,6/20/17,8,F,174.27
6/21/17,HM4N8YYDTW,6/20/17,8,F,49.5
6/20/17,HM8P8AB8PJ,6/19/17,26,P,2480.41
6/20/17,HM8P8AB8PJ,6/19/17,26,P,619.59
6/17/17,JQQCQY,6/16/17,5,Q,1564.21
6/17/17,JQQCQY,6/16/17,5,Q,390.79
6/17/17,JQQCQY,6/16/17,,Q,
6/15/17,HMYJ394ARD,6/14/17,5,F,1060.99
6/15/17,HMYJ394ARD,6/14/17,5,F,299.01
6/15/17,HMYJ394ARD,6/14/17,,F,
6/12/17,HMSC9MYTHR,6/11/17,5,Q,1143.41
6/12/17,HMSC9MYTHR,6/11/17,5,Q,285.59
6/12/17,HMSC9MYTHR,6/11/17,,Q,
6/6/17,HM2HJRHB8N,6/5/17,4,H,33
6/6/17,HM2HJRHB8N,6/5/17,4,H,297
6/2/17,HMXQDCETAR,6/1/17,15,P,1502.79
6/2/17,HMXQDCETAR,6/1/17,15,P,376.21
5/27/17,HM2NQYAH4T,5/26/17,3,P,493.19
5/27/17,HM2NQYAH4T,5/26/17,3,P,123.81
5/27/17,HM2NQYAH4T,5/26/17,,P,
5/23/17,HMHX3RNPTJ,5/22/17,4,P,582.61
5/23/17,HMHX3RNPTJ,5/22/17,4,P,145.39
5/23/17,HMHX3RNPTJ,5/22/17,,P,
5/21/17,HMHCDTQFF9,5/20/17,28,J,7200
5/21/17,HMHCDTQFF9,5/20/17,,J,
5/20/17,HM88S4PDH5,5/19/17,21,Q,3680.39
5/20/17,HM88S4PDH5,5/19/17,21,Q,920.61
5/20/17,HM88S4PDH5,5/19/17,,Q,
5/18/17,HMXQYNFX3N,5/17/17,3,P,445.6
5/18/17,HMXQYNFX3N,5/17/17,3,P,111.4
5/18/17,HMXQYNFX3N,5/17/17,,P,
5/15/17,HMJRQ5QP2D,5/14/17,5,J,1765
5/15/17,HMJRQ5QP2D,5/14/17,,J,
5/15/17,HMKPQHYZWY,5/14/17,3,P,392
5/15/17,HMKPQHYZWY,5/14/17,3,P,98
5/15/17,HMKPQHYZWY,5/14/17,,P,
5/9/17,HM53WS4B5K,5/8/17,11,Q,1926.61
5/9/17,HM53WS4B5K,5/8/17,11,Q,481.39
5/9/17,HM53WS4B5K,5/8/17,,Q,
5/2/17,HM5CWSBQKB,5/1/17,3,H,25.81
5/2/17,HM5CWSBQKB,5/1/17,3,H,229.19
5/1/17,HMJ2DEPTST,4/30/17,13,P,1391.59
5/1/17,HMJ2DEPTST,4/30/17,13,P,348.41
5/1/17,HMJ2DEPTST,4/30/17,,P,
4/25/17,HM4APSJF9N,4/24/17,13,Q,2144
4/25/17,HM4APSJF9N,4/24/17,13,Q,536
4/25/17,HM4APSJF9N,4/24/17,,Q,
4/18/17,HMEWD5CRAA,4/17/17,10,P,1047.2
4/18/17,HMEWD5CRAA,4/17/17,10,P,261.8
4/18/17,HMEWD5CRAA,4/17/17,,P,
4/13/17,HM53SC95CY,4/12/17,1,J,50
4/13/17,HM53SC95CY,4/12/17,,J,
4/12/17,TFDARA,4/11/17,9,Q,1711.2
4/12/17,TFDARA,4/11/17,9,Q,427.8
4/12/17,TFDARA,4/11/17,,Q,
4/1/17,3ED5JY,3/31/17,14,P,1361.81
4/1/17,3ED5JY,3/31/17,14,P,340.19
4/1/17,3ED5JY,3/31/17,,P,
4/1/17,HMSQQ5TB3D,3/31/17,8,Q,1345.01
4/1/17,HMSQQ5TB3D,3/31/17,8,Q,335.99
4/1/17,HMSQQ5TB3D,3/31/17,,Q,
3/30/17,HMRT8449S2,3/29/17,5,Q,940
3/30/17,HMRT8449S2,3/29/17,5,Q,235
3/18/17,C5HYXK,3/17/17,8,Q,1732
3/18/17,C5HYXK,3/17/17,8,Q,433
3/18/17,C5HYXK,3/17/17,,Q,
3/14/17,F3YFAD,3/13/17,15,P,1369.81
3/14/17,F3YFAD,3/13/17,15,P,342.19
3/13/17,M9BFKK,3/12/17,4,Q,893.19
3/13/17,M9BFKK,3/12/17,4,Q,223.81
3/13/17,M9BFKK,3/12/17,,Q,
3/11/17,4TJQ4J,3/10/17,3,P,424.8
3/11/17,4TJQ4J,3/10/17,3,P,106.2
3/11/17,4TJQ4J,3/10/17,,P,
3/8/17,CBY94J,3/7/17,2,H,18.51
3/8/17,CBY94J,3/7/17,2,H,161.49
3/1/17,4ZY35H,2/28/17,8,P,1037
3/1/17,4ZY35H,2/28/17,,P,
2/27/17,9TRZD9,2/26/17,5,Q,1370
2/27/17,9TRZD9,2/26/17,,Q,
2/22/17,Y8FMH9,2/21/17,2,H,18.51
2/22/17,Y8FMH9,2/21/17,2,H,161.49
2/7/17,4M8P8M,2/6/17,17,P,2046
2/7/17,4M8P8M,2/6/17,,P,
2/4/17,45QT3B,2/3/17,3,P,451
2/4/17,45QT3B,2/3/17,,P,
1/31/17,PMPDT4,1/30/17,4,Q,1041
1/23/17,HSSZ5N,1/22/17,4,H,32
1/23/17,HSSZ5N,1/22/17,4,H,288
1/23/17,A9CKPB,1/22/17,9,P,800.2
1/23/17,A9CKPB,1/22/17,9,P,191.8
1/4/17,PXY9F5,1/3/17,25,Q,4190
1/4/17,PXY9F5,1/3/17,25,Q,1048
1/3/17,S8NZHD,12/27/16,,P,
12/28/16,MNXZBC,12/27/16,63,P,2639
12/28/16,MNXZBC,12/27/16,63,P,660
12/28/16,S8NZHD,12/27/16,12,P,673.98
12/28/16,S8NZHD,12/27/16,12,P,169.01
12/28/16,S8NZHD,12/27/16,12,P,435.92
12/28/16,S8NZHD,12/27/16,12,P,109.24
12/26/16,TZTFEM,12/25/16,7,Q,1117
12/26/16,TZTFEM,12/25/16,7,Q,279
12/5/16,EY8BRQ,12/4/16,12,Q,1816
12/5/16,EY8BRQ,12/4/16,12,Q,454
12/5/16,AKEMFX,12/4/16,3,H,25
12/5/16,AKEMFX,12/4/16,3,H,222
12/2/16,MCW9BK,12/1/16,13,P,1190.01
12/2/16,MCW9BK,12/1/16,13,P,296.99
11/23/16,YB23QZ,11/22/16,5,P,291
11/23/16,YB23QZ,11/22/16,5,P,73
11/20/16,BTM8YT,11/19/16,11,Q,1854
11/20/16,BTM8YT,11/19/16,11,Q,464
11/12/16,QCJWND,11/11/16,7,P,620.42
11/12/16,QCJWND,11/11/16,7,P,154.59
11/12/16,QCJWND,11/11/16,7,P,53.59
11/12/16,QCJWND,11/11/16,7,P,13.4
11/7/16,2FZBQY,11/6/16,4,H,33
11/7/16,2FZBQY,11/6/16,4,H,297
11/6/16,DWDF2R,11/5/16,10,Q,1584.21
11/6/16,DWDF2R,11/5/16,10,Q,395.79
11/4/16,KTE34T,11/3/16,7,P,674.99
11/4/16,KTE34T,11/3/16,7,P,169.01
10/30/16,SP82CD,10/23/16,,Q,
10/24/16,8QCEC8,9/23/16,38,P,601.01
10/24/16,8QCEC8,9/23/16,38,P,150.51
10/24/16,SP82CD,10/23/16,7,Q,1255.58
10/24/16,SP82CD,10/23/16,7,Q,314.41
10/20/16,8QCEC8,9/23/16,38,P,610.28
10/20/16,8QCEC8,9/23/16,38,P,2443.2
10/17/16,TKWA85,10/16/16,5,Q,1008.41
10/17/16,TKWA85,10/16/16,5,Q,251.59
10/9/16,HPNKSA,10/5/16,,Q,
10/6/16,HPNKSA,10/5/16,7,Q,1255.72
10/6/16,HPNKSA,10/5/16,7,Q,314.44
9/27/16,DB4WRD,9/26/16,2,H,150
9/24/16,R8CFW8,9/23/16,10,Q,1747.79
9/24/16,R8CFW8,9/23/16,10,Q,437.21
9/15/16,8JQT2N,9/14/16,5,P,679.79
9/15/16,8JQT2N,9/14/16,5,P,170.21
9/4/16,KYCMRE,9/3/16,6,P,679.79
9/4/16,KYCMRE,9/3/16,6,P,170.21
8/16/16,CKJRA4,8/15/16,6,P,800
8/16/16,CKJRA4,8/15/16,6,P,200
8/15/16,2BQT4M,8/14/16,7,Q,1255.59
8/15/16,2BQT4M,8/14/16,7,Q,314.41
8/6/16,H2MRTD,8/5/16,7,P,752.41
8/6/16,H2MRTD,8/5/16,7,P,187.59
8/6/16,Y2KMFE,7/1/16,,Q,
8/6/16,Y2KMFE,7/1/16,37,Q,4740.07
8/6/16,Y2KMFE,7/1/16,37,Q,1185.53
8/6/16,Y2KMFE,7/1/16,37,Q,917.5
8/6/16,Y2KMFE,7/1/16,37,Q,229.89
7/29/16,33N3NN,7/28/16,3,F,662
7/29/16,33N3NN,7/28/16,3,F,187
7/21/16,WJYQ9M,7/20/16,12,P,1304.21
7/21/16,WJYQ9M,7/20/16,12,P,325.79
7/10/16,E5HFZ2,7/9/16,18,F,3082
7/10/16,E5HFZ2,7/9/16,18,F,869
7/5/16,YCSDBR,7/4/16,15,P,1519.59
7/5/16,YCSDBR,7/4/16,15,P,380.41
6/18/16,EEPKCK,6/8/16,,Q,
6/18/16,4ETPJA,6/17/16,12,Q,2147.79
6/18/16,4ETPJA,6/17/16,12,Q,537.21
6/16/16,DFPND4,4/3/16,,P,
6/9/16,EEPKCK,6/8/16,8,Q,347.41
6/9/16,EEPKCK,6/8/16,8,Q,1387.59
6/4/16,DFPND4,4/3/16,88,P,2187.76
6/4/16,DFPND4,4/3/16,88,P,546.42
5/24/16,Y2XBXH,5/23/16,10,Q,1808.41
5/24/16,Y2XBXH,5/23/16,10,Q,451.59
5/4/16,DFPND4,4/3/16,88,P,2426.95
5/4/16,DFPND4,4/3/16,88,P,606.22
5/1/16,9APN5D,4/30/16,9,Q,1638.81
5/1/16,9APN5D,4/30/16,9,Q,409.19
4/16/16,8A8C24,4/15/16,8,Q,1468
4/16/16,8A8C24,4/15/16,8,Q,367
4/4/16,DFPND4,4/3/16,88,P,2426.95
4/4/16,DFPND4,4/3/16,88,P,606.22
3/28/16,AQP2PQ,2/27/16,44,Q,1721.67
3/28/16,AQP2PQ,2/27/16,44,Q,430.93
3/28/16,3HJKET,1/27/16,64,P,229.91
3/28/16,3HJKET,1/27/16,64,P,57.74
2/29/16,AQP2PQ,2/27/16,44,Q,3688.7
2/29/16,AQP2PQ,2/27/16,44,Q,922.69
2/29/16,3HJKET,1/27/16,64,P,2080.53
2/29/16,3HJKET,1/27/16,64,P,520.65
2/5/16,XKACBD,2/4/16,22,Q,3269.39
2/5/16,XKACBD,2/4/16,22,Q,817.61
1/29/16,3HJKET,1/27/16,64,P,2080.53
1/29/16,3HJKET,1/27/16,64,P,520.65
1/21/16,QAHEM9,1/20/16,5,P,116.39
1/21/16,QAHEM9,1/20/16,5,P,466.61
1/11/16,8A8NAS,1/10/16,7,Q,562.81
1/11/16,8A8NAS,1/10/16,7,Q,140.19